,id,dataset,label
3000,3000,test,0.0
3001,3001,test,0.0
3002,3002,test,0.0
3003,3003,test,0.0
3004,3004,test,0.0
3005,3005,test,0.0
3006,3006,test,0.0
3007,3007,test,0.0
3008,3008,test,0.0
3009,3009,test,0.0
3010,3010,test,0.0
3011,3011,test,0.0
3012,3012,test,0.0
3013,3013,test,0.0
3014,3014,test,0.0
3015,3015,test,0.0
3016,3016,test,0.0
3017,3017,test,0.0
3018,3018,test,0.0
3019,3019,test,0.0
3020,3020,test,0.0
3021,3021,test,0.0
3022,3022,test,0.0
3023,3023,test,0.0
3024,3024,test,0.0
3025,3025,test,0.0
3026,3026,test,0.0
3027,3027,test,0.0
3028,3028,test,0.0
3029,3029,test,0.0
3030,3030,test,0.0
3031,3031,test,0.0
3032,3032,test,0.0
3033,3033,test,0.0
3034,3034,test,0.0
3035,3035,test,0.0
3036,3036,test,0.0
3037,3037,test,0.0
3038,3038,test,0.0
3039,3039,test,0.0
3040,3040,test,0.0
3041,3041,test,0.0
3042,3042,test,1.0
3043,3043,test,1.0
3044,3044,test,1.0
3045,3045,test,0.0
3046,3046,test,0.0
3047,3047,test,0.0
3048,3048,test,0.0
3049,3049,test,0.0
3050,3050,test,0.0
3051,3051,test,0.0
3052,3052,test,0.0
3053,3053,test,0.0
3054,3054,test,0.0
3055,3055,test,0.0
3056,3056,test,0.0
3057,3057,test,1.0
3058,3058,test,1.0
3059,3059,test,0.0
3060,3060,test,0.0
3061,3061,test,0.0
3062,3062,test,0.0
3063,3063,test,0.0
3064,3064,test,0.0
3065,3065,test,0.0
3066,3066,test,0.0
3067,3067,test,0.0
3068,3068,test,0.0
3069,3069,test,0.0
3070,3070,test,0.0
3071,3071,test,0.0
3072,3072,test,0.0
3073,3073,test,0.0
3074,3074,test,0.0
3075,3075,test,0.0
3076,3076,test,0.0
3077,3077,test,0.0
3078,3078,test,0.0
3079,3079,test,0.0
3080,3080,test,0.0
3081,3081,test,0.0
3082,3082,test,0.0
3083,3083,test,0.0
3084,3084,test,0.0
3085,3085,test,0.0
3086,3086,test,0.0
3087,3087,test,0.0
3088,3088,test,0.0
3089,3089,test,0.0
3090,3090,test,0.0
3091,3091,test,0.0
3092,3092,test,1.0
3093,3093,test,1.0
3094,3094,test,1.0
3095,3095,test,1.0
3096,3096,test,0.0
3097,3097,test,0.0
3098,3098,test,0.0
3099,3099,test,0.0
3100,3100,test,0.0
3101,3101,test,0.0
3102,3102,test,0.0
3103,3103,test,0.0
3104,3104,test,0.0
3105,3105,test,0.0
3106,3106,test,0.0
3107,3107,test,0.0
3108,3108,test,0.0
3109,3109,test,0.0
3110,3110,test,0.0
3111,3111,test,0.0
3112,3112,test,0.0
3113,3113,test,0.0
3114,3114,test,0.0
3115,3115,test,1.0
3116,3116,test,0.0
3117,3117,test,0.0
3118,3118,test,0.0
3119,3119,test,0.0
3120,3120,test,0.0
3121,3121,test,0.0
3122,3122,test,0.0
3123,3123,test,0.0
3124,3124,test,0.0
3125,3125,test,0.0
3126,3126,test,0.0
3127,3127,test,0.0
3128,3128,test,0.0
3129,3129,test,0.0
3130,3130,test,0.0
3131,3131,test,0.0
3132,3132,test,0.0
3133,3133,test,0.0
3134,3134,test,0.0
3135,3135,test,0.0
3136,3136,test,0.0
3137,3137,test,0.0
3138,3138,test,1.0
3139,3139,test,0.0
3140,3140,test,0.0
3141,3141,test,0.0
3142,3142,test,0.0
3143,3143,test,0.0
3144,3144,test,0.0
3145,3145,test,0.0
3146,3146,test,1.0
3147,3147,test,1.0
3148,3148,test,0.0
3149,3149,test,0.0
3150,3150,test,0.0
3151,3151,test,0.0
3152,3152,test,0.0
3153,3153,test,0.0
3154,3154,test,0.0
3155,3155,test,0.0
3156,3156,test,0.0
3157,3157,test,0.0
3158,3158,test,0.0
3159,3159,test,0.0
3160,3160,test,0.0
3161,3161,test,1.0
3162,3162,test,0.0
3163,3163,test,0.0
3164,3164,test,0.0
3165,3165,test,0.0
3166,3166,test,0.0
3167,3167,test,0.0
3168,3168,test,0.0
3169,3169,test,0.0
3170,3170,test,0.0
3171,3171,test,0.0
3172,3172,test,0.0
3173,3173,test,0.0
3174,3174,test,0.0
3175,3175,test,0.0
3176,3176,test,0.0
3177,3177,test,0.0
3178,3178,test,0.0
3179,3179,test,0.0
3180,3180,test,0.0
3181,3181,test,0.0
3182,3182,test,0.0
3183,3183,test,0.0
3184,3184,test,0.0
3185,3185,test,0.0
3186,3186,test,0.0
3187,3187,test,0.0
3188,3188,test,1.0
3189,3189,test,0.0
3190,3190,test,1.0
3191,3191,test,1.0
3192,3192,test,0.0
3193,3193,test,0.0
3194,3194,test,0.0
3195,3195,test,0.0
3196,3196,test,0.0
3197,3197,test,0.0
3198,3198,test,0.0
3199,3199,test,0.0
3200,3200,test,0.0
3201,3201,test,0.0
3202,3202,test,0.0
3203,3203,test,0.0
3204,3204,test,0.0
3205,3205,test,0.0
3206,3206,test,0.0
3207,3207,test,0.0
3208,3208,test,0.0
3209,3209,test,0.0
3210,3210,test,0.0
3211,3211,test,0.0
3212,3212,test,0.0
3213,3213,test,0.0
3214,3214,test,0.0
3215,3215,test,0.0
3216,3216,test,0.0
3217,3217,test,0.0
3218,3218,test,0.0
3219,3219,test,0.0
3220,3220,test,0.0
3221,3221,test,0.0
3222,3222,test,0.0
3223,3223,test,0.0
3224,3224,test,0.0
3225,3225,test,0.0
3226,3226,test,0.0
3227,3227,test,0.0
3228,3228,test,0.0
3229,3229,test,0.0
3230,3230,test,0.0
3231,3231,test,0.0
3232,3232,test,0.0
3233,3233,test,0.0
3234,3234,test,0.0
3235,3235,test,0.0
3236,3236,test,0.0
3237,3237,test,0.0
3238,3238,test,0.0
3239,3239,test,0.0
3240,3240,test,0.0
3241,3241,test,0.0
3242,3242,test,0.0
3243,3243,test,0.0
3244,3244,test,0.0
3245,3245,test,0.0
3246,3246,test,0.0
3247,3247,test,0.0
3248,3248,test,0.0
3249,3249,test,0.0
3250,3250,test,0.0
3251,3251,test,0.0
3252,3252,test,0.0
3253,3253,test,0.0
3254,3254,test,0.0
3255,3255,test,0.0
3256,3256,test,0.0
3257,3257,test,0.0
3258,3258,test,0.0
3259,3259,test,0.0
3260,3260,test,0.0
3261,3261,test,0.0
3262,3262,test,0.0
3263,3263,test,0.0
3264,3264,test,0.0
3265,3265,test,0.0
3266,3266,test,0.0
3267,3267,test,0.0
3268,3268,test,0.0
3269,3269,test,0.0
3270,3270,test,0.0
3271,3271,test,0.0
3272,3272,test,0.0
3273,3273,test,0.0
3274,3274,test,0.0
3275,3275,test,0.0
3276,3276,test,0.0
3277,3277,test,0.0
3278,3278,test,0.0
3279,3279,test,0.0
3280,3280,test,0.0
3281,3281,test,0.0
3282,3282,test,0.0
3283,3283,test,0.0
3284,3284,test,0.0
3285,3285,test,0.0
3286,3286,test,0.0
3287,3287,test,0.0
3288,3288,test,0.0
3289,3289,test,0.0
3290,3290,test,0.0
3291,3291,test,0.0
3292,3292,test,0.0
3293,3293,test,0.0
3294,3294,test,0.0
3295,3295,test,0.0
3296,3296,test,0.0
3297,3297,test,0.0
3298,3298,test,0.0
3299,3299,test,0.0
3300,3300,test,0.0
3301,3301,test,0.0
3302,3302,test,0.0
3303,3303,test,0.0
3304,3304,test,0.0
3305,3305,test,0.0
3306,3306,test,0.0
3307,3307,test,0.0
3308,3308,test,0.0
3309,3309,test,0.0
3310,3310,test,0.0
3311,3311,test,0.0
3312,3312,test,0.0
3313,3313,test,0.0
3314,3314,test,0.0
3315,3315,test,0.0
3316,3316,test,0.0
3317,3317,test,0.0
3318,3318,test,0.0
3319,3319,test,0.0
3320,3320,test,1.0
3321,3321,test,0.0
3322,3322,test,0.0
3323,3323,test,0.0
3324,3324,test,0.0
3325,3325,test,0.0
3326,3326,test,0.0
3327,3327,test,0.0
3328,3328,test,0.0
3329,3329,test,0.0
3330,3330,test,1.0
3331,3331,test,0.0
3332,3332,test,0.0
3333,3333,test,0.0
3334,3334,test,1.0
3335,3335,test,1.0
3336,3336,test,0.0
3337,3337,test,0.0
3338,3338,test,0.0
3339,3339,test,0.0
3340,3340,test,0.0
3341,3341,test,0.0
3342,3342,test,0.0
3343,3343,test,0.0
3344,3344,test,0.0
3345,3345,test,0.0
3346,3346,test,0.0
3347,3347,test,0.0
3348,3348,test,0.0
3349,3349,test,0.0
3350,3350,test,0.0
3351,3351,test,0.0
3352,3352,test,0.0
3353,3353,test,0.0
3354,3354,test,0.0
3355,3355,test,0.0
3356,3356,test,0.0
3357,3357,test,0.0
3358,3358,test,0.0
3359,3359,test,0.0
3360,3360,test,0.0
3361,3361,test,0.0
3362,3362,test,0.0
3363,3363,test,0.0
3364,3364,test,0.0
3365,3365,test,0.0
3366,3366,test,0.0
3367,3367,test,0.0
3368,3368,test,0.0
3369,3369,test,0.0
3370,3370,test,0.0
3371,3371,test,0.0
3372,3372,test,0.0
3373,3373,test,0.0
3374,3374,test,0.0
3375,3375,test,0.0
3376,3376,test,0.0
3377,3377,test,0.0
3378,3378,test,0.0
3379,3379,test,0.0
3380,3380,test,0.0
3381,3381,test,0.0
3382,3382,test,0.0
3383,3383,test,0.0
3384,3384,test,0.0
3385,3385,test,0.0
3386,3386,test,0.0
3387,3387,test,0.0
3388,3388,test,0.0
3389,3389,test,0.0
3390,3390,test,0.0
3391,3391,test,0.0
3392,3392,test,0.0
3393,3393,test,0.0
3394,3394,test,0.0
3395,3395,test,0.0
3396,3396,test,1.0
3397,3397,test,1.0
3398,3398,test,1.0
3399,3399,test,1.0
3400,3400,test,0.0
3401,3401,test,0.0
3402,3402,test,0.0
3403,3403,test,1.0
3404,3404,test,0.0
3405,3405,test,0.0
3406,3406,test,0.0
3407,3407,test,0.0
3408,3408,test,0.0
3409,3409,test,0.0
3410,3410,test,0.0
3411,3411,test,0.0
3412,3412,test,0.0
3413,3413,test,0.0
3414,3414,test,0.0
3415,3415,test,0.0
3416,3416,test,0.0
3417,3417,test,0.0
3418,3418,test,0.0
3419,3419,test,0.0
3420,3420,test,0.0
3421,3421,test,0.0
3422,3422,test,0.0
3423,3423,test,0.0
3424,3424,test,0.0
3425,3425,test,0.0
3426,3426,test,0.0
3427,3427,test,1.0
3428,3428,test,0.0
3429,3429,test,0.0
3430,3430,test,0.0
3431,3431,test,0.0
3432,3432,test,0.0
3433,3433,test,0.0
3434,3434,test,0.0
3435,3435,test,0.0
3436,3436,test,0.0
3437,3437,test,0.0
3438,3438,test,0.0
3439,3439,test,0.0
3440,3440,test,0.0
3441,3441,test,0.0
3442,3442,test,0.0
3443,3443,test,0.0
3444,3444,test,0.0
3445,3445,test,0.0
3446,3446,test,0.0
3447,3447,test,0.0
3448,3448,test,0.0
3449,3449,test,0.0
3450,3450,test,0.0
3451,3451,test,0.0
3452,3452,test,0.0
3453,3453,test,0.0
3454,3454,test,0.0
3455,3455,test,0.0
3456,3456,test,0.0
3457,3457,test,0.0
3458,3458,test,0.0
3459,3459,test,0.0
3460,3460,test,0.0
3461,3461,test,0.0
3462,3462,test,0.0
3463,3463,test,0.0
3464,3464,test,0.0
3465,3465,test,0.0
3466,3466,test,0.0
3467,3467,test,0.0
3468,3468,test,0.0
3469,3469,test,0.0
3470,3470,test,0.0
3471,3471,test,0.0
3472,3472,test,0.0
3473,3473,test,0.0
3474,3474,test,0.0
3475,3475,test,0.0
3476,3476,test,0.0
3477,3477,test,0.0
3478,3478,test,0.0
3479,3479,test,0.0
3480,3480,test,0.0
3481,3481,test,0.0
3482,3482,test,0.0
3483,3483,test,0.0
3484,3484,test,0.0
3485,3485,test,0.0
3486,3486,test,0.0
3487,3487,test,0.0
3488,3488,test,0.0
3489,3489,test,0.0
3490,3490,test,0.0
3491,3491,test,0.0
3492,3492,test,0.0
3493,3493,test,0.0
3494,3494,test,0.0
3495,3495,test,0.0
3496,3496,test,0.0
3497,3497,test,0.0
3498,3498,test,0.0
3499,3499,test,0.0
3500,3500,test,0.0
3501,3501,test,0.0
3502,3502,test,0.0
3503,3503,test,0.0
3504,3504,test,0.0
3505,3505,test,0.0
3506,3506,test,0.0
3507,3507,test,0.0
3508,3508,test,0.0
3509,3509,test,0.0
3510,3510,test,0.0
3511,3511,test,0.0
3512,3512,test,0.0
3513,3513,test,0.0
3514,3514,test,0.0
3515,3515,test,0.0
3516,3516,test,0.0
3517,3517,test,0.0
3518,3518,test,0.0
3519,3519,test,0.0
3520,3520,test,0.0
3521,3521,test,0.0
3522,3522,test,0.0
3523,3523,test,0.0
3524,3524,test,0.0
3525,3525,test,0.0
3526,3526,test,0.0
3527,3527,test,0.0
3528,3528,test,0.0
3529,3529,test,0.0
3530,3530,test,0.0
3531,3531,test,0.0
3532,3532,test,0.0
3533,3533,test,0.0
3534,3534,test,0.0
3535,3535,test,0.0
3536,3536,test,0.0
3537,3537,test,0.0
3538,3538,test,0.0
3539,3539,test,0.0
3540,3540,test,0.0
3541,3541,test,0.0
3542,3542,test,0.0
3543,3543,test,0.0
3544,3544,test,0.0
3545,3545,test,0.0
3546,3546,test,0.0
3547,3547,test,0.0
3548,3548,test,0.0
3549,3549,test,0.0
3550,3550,test,0.0
3551,3551,test,0.0
3552,3552,test,1.0
3553,3553,test,1.0
3554,3554,test,0.0
3555,3555,test,0.0
3556,3556,test,0.0
3557,3557,test,0.0
3558,3558,test,0.0
3559,3559,test,1.0
3560,3560,test,1.0
3561,3561,test,0.0
3562,3562,test,0.0
3563,3563,test,0.0
3564,3564,test,0.0
3565,3565,test,0.0
3566,3566,test,0.0
3567,3567,test,0.0
3568,3568,test,0.0
3569,3569,test,0.0
3570,3570,test,0.0
3571,3571,test,0.0
3572,3572,test,0.0
3573,3573,test,0.0
3574,3574,test,0.0
3575,3575,test,0.0
3576,3576,test,0.0
3577,3577,test,0.0
3578,3578,test,0.0
3579,3579,test,0.0
3580,3580,test,0.0
3581,3581,test,0.0
3582,3582,test,0.0
3583,3583,test,0.0
3584,3584,test,0.0
3585,3585,test,0.0
3586,3586,test,0.0
3587,3587,test,0.0
3588,3588,test,0.0
3589,3589,test,0.0
3590,3590,test,0.0
3591,3591,test,0.0
3592,3592,test,0.0
3593,3593,test,0.0
3594,3594,test,0.0
3595,3595,test,0.0
3596,3596,test,0.0
3597,3597,test,0.0
3598,3598,test,0.0
3599,3599,test,0.0
3600,3600,test,0.0
3601,3601,test,0.0
3602,3602,test,0.0
3603,3603,test,0.0
3604,3604,test,0.0
3605,3605,test,0.0
3606,3606,test,0.0
3607,3607,test,0.0
3608,3608,test,0.0
3609,3609,test,0.0
3610,3610,test,0.0
3611,3611,test,0.0
3612,3612,test,0.0
3613,3613,test,0.0
3614,3614,test,0.0
3615,3615,test,1.0
3616,3616,test,1.0
3617,3617,test,0.0
3618,3618,test,0.0
3619,3619,test,0.0
3620,3620,test,0.0
3621,3621,test,0.0
3622,3622,test,0.0
3623,3623,test,0.0
3624,3624,test,0.0
3625,3625,test,0.0
3626,3626,test,1.0
3627,3627,test,0.0
3628,3628,test,0.0
3629,3629,test,0.0
3630,3630,test,0.0
3631,3631,test,0.0
3632,3632,test,0.0
3633,3633,test,0.0
3634,3634,test,0.0
3635,3635,test,0.0
3636,3636,test,0.0
3637,3637,test,0.0
3638,3638,test,0.0
3639,3639,test,0.0
3640,3640,test,0.0
3641,3641,test,0.0
3642,3642,test,1.0
3643,3643,test,0.0
3644,3644,test,0.0
3645,3645,test,0.0
3646,3646,test,0.0
3647,3647,test,0.0
3648,3648,test,0.0
3649,3649,test,0.0
3650,3650,test,0.0
3651,3651,test,0.0
3652,3652,test,0.0
3653,3653,test,0.0
3654,3654,test,0.0
3655,3655,test,0.0
3656,3656,test,0.0
3657,3657,test,0.0
3658,3658,test,0.0
3659,3659,test,0.0
3660,3660,test,0.0
3661,3661,test,0.0
3662,3662,test,0.0
3663,3663,test,0.0
3664,3664,test,0.0
3665,3665,test,0.0
3666,3666,test,0.0
3667,3667,test,0.0
3668,3668,test,0.0
3669,3669,test,0.0
3670,3670,test,0.0
3671,3671,test,0.0
3672,3672,test,0.0
3673,3673,test,0.0
3674,3674,test,0.0
3675,3675,test,0.0
3676,3676,test,0.0
3677,3677,test,0.0
3678,3678,test,0.0
3679,3679,test,0.0
3680,3680,test,0.0
3681,3681,test,0.0
3682,3682,test,0.0
3683,3683,test,0.0
3684,3684,test,0.0
3685,3685,test,1.0
3686,3686,test,0.0
3687,3687,test,0.0
3688,3688,test,0.0
3689,3689,test,0.0
3690,3690,test,0.0
3691,3691,test,0.0
3692,3692,test,0.0
3693,3693,test,0.0
3694,3694,test,0.0
3695,3695,test,0.0
3696,3696,test,0.0
3697,3697,test,0.0
3698,3698,test,0.0
3699,3699,test,0.0
3700,3700,test,0.0
3701,3701,test,0.0
3702,3702,test,0.0
3703,3703,test,0.0
3704,3704,test,1.0
3705,3705,test,0.0
3706,3706,test,0.0
3707,3707,test,0.0
3708,3708,test,1.0
3709,3709,test,1.0
3710,3710,test,0.0
3711,3711,test,0.0
3712,3712,test,0.0
3713,3713,test,0.0
3714,3714,test,0.0
3715,3715,test,0.0
3716,3716,test,0.0
3717,3717,test,0.0
3718,3718,test,0.0
3719,3719,test,0.0
3720,3720,test,0.0
3721,3721,test,0.0
3722,3722,test,0.0
3723,3723,test,0.0
3724,3724,test,0.0
3725,3725,test,0.0
3726,3726,test,0.0
3727,3727,test,0.0
3728,3728,test,0.0
3729,3729,test,0.0
3730,3730,test,0.0
3731,3731,test,0.0
3732,3732,test,0.0
3733,3733,test,0.0
3734,3734,test,1.0
3735,3735,test,0.0
3736,3736,test,0.0
3737,3737,test,0.0
3738,3738,test,1.0
3739,3739,test,0.0
3740,3740,test,0.0
3741,3741,test,0.0
3742,3742,test,0.0
3743,3743,test,0.0
3744,3744,test,0.0
3745,3745,test,0.0
3746,3746,test,0.0
3747,3747,test,0.0
3748,3748,test,0.0
3749,3749,test,0.0
3750,3750,test,0.0
3751,3751,test,0.0
3752,3752,test,0.0
3753,3753,test,0.0
3754,3754,test,1.0
3755,3755,test,0.0
3756,3756,test,0.0
3757,3757,test,0.0
3758,3758,test,1.0
3759,3759,test,1.0
3760,3760,test,1.0
3761,3761,test,0.0
3762,3762,test,0.0
3763,3763,test,0.0
3764,3764,test,1.0
3765,3765,test,0.0
3766,3766,test,0.0
3767,3767,test,0.0
3768,3768,test,0.0
3769,3769,test,0.0
3770,3770,test,0.0
3771,3771,test,0.0
3772,3772,test,0.0
3773,3773,test,0.0
3774,3774,test,0.0
3775,3775,test,0.0
3776,3776,test,0.0
3777,3777,test,0.0
3778,3778,test,1.0
3779,3779,test,0.0
3780,3780,test,0.0
3781,3781,test,0.0
3782,3782,test,0.0
3783,3783,test,0.0
3784,3784,test,0.0
3785,3785,test,0.0
3786,3786,test,0.0
3787,3787,test,0.0
3788,3788,test,0.0
3789,3789,test,0.0
3790,3790,test,0.0
3791,3791,test,0.0
3792,3792,test,0.0
